﻿<?xml version="1.0" encoding="UTF-8"?>
<!DOCTYPE RESULT SYSTEM "Result.dtd"[]>
<?xml-stylesheet type="text/xsl" href="Result.xsl"?>
<RESULT>
  <TITLE>
NewCo_FixedLine_6i15i2016 9i43i58 A
</TITLE>
  <SUMMARY>
    <TOTAL>2</TOTAL>
    <TOTALPASS>1</TOTALPASS>
    <TOTALFAIL>1</TOTALFAIL>
    <TOTALNOTEXECUTED>
    </TOTALNOTEXECUTED>
  </SUMMARY>
  <TESTCASE>
    <TCID>1</TCID>
    <NAME>FLNEW001</NAME>
    <RESULT>PASS</RESULT>
    <STEPS>
      <STEPNO>1</STEPNO>
      <NAME>LoginToSiebel_fn</NAME>
      <RESULT>Pass</RESULT>
      <DATA>
        <NAME>RowNo</NAME>
        <VALUE>7</VALUE>
      </DATA>
      <DATA>
        <NAME>Username</NAME>
        <VALUE>test_qp_2</VALUE>
      </DATA>
      <DATA>
        <NAME>Password</NAME>
        <VALUE>test_qp_2</VALUE>
      </DATA>
      <DATA>
        <NAME>Debug Info</NAME>
        <VALUE>Data File: Account.xls | Data Sheet: LoginToSiebel</VALUE>
      </DATA>
      <VERIFICATION>
        <NAME>Pass</NAME>
        <VALUE>Continue to this website link is clicked</VALUE>
      </VERIFICATION>
      <VERIFICATION>
        <NAME>Pass</NAME>
        <VALUE>SWEUserName edit box is set with test_qp_2</VALUE>
      </VERIFICATION>
      <VERIFICATION>
        <NAME>Pass</NAME>
        <VALUE>SWEPassword edit box is set with test_qp_2</VALUE>
      </VERIFICATION>
      <VERIFICATION>
        <NAME>Pass</NAME>
        <VALUE>Login image is clicked</VALUE>
      </VERIFICATION>
      <VERIFICATION>
        <NAME>Info</NAME>
        <VALUE>login Page is displayed successfully.</VALUE>
      </VERIFICATION>
    </STEPS>
    <STEPS>
      <STEPNO>2</STEPNO>
      <NAME>CreateNewAccount_fn</NAME>
      <RESULT>Pass</RESULT>
      <DATA>
        <NAME>RowNo</NAME>
        <VALUE>30</VALUE>
      </DATA>
      <DATA>
        <NAME>First_Name</NAME>
        <VALUE>FIXEDZZYY</VALUE>
      </DATA>
      <DATA>
        <NAME>Last_Name</NAME>
        <VALUE>LINEZZYY</VALUE>
      </DATA>
      <DATA>
        <NAME>Post_Code</NAME>
        <VALUE>RG14 5NJ</VALUE>
      </DATA>
      <DATA>
        <NAME>Email</NAME>
        <VALUE>abc@sqcmail.uk</VALUE>
      </DATA>
      <DATA>
        <NAME>Email1</NAME>
        <VALUE>abc</VALUE>
      </DATA>
      <DATA>
        <NAME>Email2</NAME>
        <VALUE>sqcmail.uk</VALUE>
      </DATA>
      <DATA>
        <NAME>User_name</NAME>
        <VALUE>
        </VALUE>
      </DATA>
      <DATA>
        <NAME>Birth_Date</NAME>
        <VALUE>18-Jan-1965</VALUE>
      </DATA>
      <DATA>
        <NAME>Account_Type</NAME>
        <VALUE>Consumer</VALUE>
      </DATA>
      <DATA>
        <NAME>PhoneNumber</NAME>
        <VALUE>09999640888</VALUE>
      </DATA>
      <DATA>
        <NAME>AccountCategory</NAME>
        <VALUE>
        </VALUE>
      </DATA>
      <DATA>
        <NAME>AccountSubCategory</NAME>
        <VALUE>
        </VALUE>
      </DATA>
      <DATA>
        <NAME>TradingAs</NAME>
        <VALUE>
        </VALUE>
      </DATA>
      <DATA>
        <NAME>CareTeam</NAME>
        <VALUE>
        </VALUE>
      </DATA>
      <DATA>
        <NAME>Title</NAME>
        <VALUE>Mr.</VALUE>
      </DATA>
      <DATA>
        <NAME>OnlineAccount</NAME>
        <VALUE>Off</VALUE>
      </DATA>
      <DATA>
        <NAME>Pin1</NAME>
        <VALUE>1</VALUE>
      </DATA>
      <DATA>
        <NAME>Pin2</NAME>
        <VALUE>1</VALUE>
      </DATA>
      <DATA>
        <NAME>Pin3</NAME>
        <VALUE>2</VALUE>
      </DATA>
      <DATA>
        <NAME>Pin4</NAME>
        <VALUE>1</VALUE>
      </DATA>
      <DATA>
        <NAME>AddressLine</NAME>
        <VALUE>
        </VALUE>
      </DATA>
      <DATA>
        <NAME>Postcode</NAME>
        <VALUE>E1W 2RL</VALUE>
      </DATA>
      <DATA>
        <NAME>AccountName</NAME>
        <VALUE>
        </VALUE>
      </DATA>
      <DATA>
        <NAME>Anonymous</NAME>
        <VALUE>
        </VALUE>
      </DATA>
      <DATA>
        <NAME>Save</NAME>
        <VALUE>
        </VALUE>
      </DATA>
      <DATA>
        <NAME>Debug Info</NAME>
        <VALUE>Data File: Account.xls | Data Sheet: CreateNewAccount</VALUE>
      </DATA>
      <VERIFICATION>
        <NAME>Pass</NAME>
        <VALUE>New button is clicked</VALUE>
      </VERIFICATION>
      <VERIFICATION>
        <NAME>Pass</NAME>
        <VALUE>Account type pick list has selected Consumer</VALUE>
      </VERIFICATION>
      <VERIFICATION>
        <NAME>Pass</NAME>
        <VALUE>Title pick list has selected Mr.</VALUE>
      </VERIFICATION>
      <VERIFICATION>
        <NAME>Pass</NAME>
        <VALUE>First name text box is set with FIXEDZZYY</VALUE>
      </VERIFICATION>
      <VERIFICATION>
        <NAME>Pass</NAME>
        <VALUE>Last name text box is set with LINEZZYY</VALUE>
      </VERIFICATION>
      <VERIFICATION>
        <NAME>Pass</NAME>
        <VALUE>Date of birth calendar is set with 18-Jan-1965</VALUE>
      </VERIFICATION>
      <VERIFICATION>
        <NAME>Pass</NAME>
        <VALUE>Update Email button is clicked</VALUE>
      </VERIFICATION>
      <VERIFICATION>
        <NAME>Pass</NAME>
        <VALUE>Email text box is set with abc</VALUE>
      </VERIFICATION>
      <VERIFICATION>
        <NAME>Pass</NAME>
        <VALUE>Re-type Email text box is set with abc</VALUE>
      </VERIFICATION>
      <VERIFICATION>
        <NAME>Pass</NAME>
        <VALUE>OK button is clicked</VALUE>
      </VERIFICATION>
      <VERIFICATION>
        <NAME>Pass</NAME>
        <VALUE>Create online account check box is unchecked </VALUE>
      </VERIFICATION>
      <VERIFICATION>
        <NAME>Pass</NAME>
        <VALUE>PIN1 text box is set with 1</VALUE>
      </VERIFICATION>
      <VERIFICATION>
        <NAME>Pass</NAME>
        <VALUE>PIN2 text box is set with 1</VALUE>
      </VERIFICATION>
      <VERIFICATION>
        <NAME>Pass</NAME>
        <VALUE>PIN3 text box is set with 2</VALUE>
      </VERIFICATION>
      <VERIFICATION>
        <NAME>Pass</NAME>
        <VALUE>PIN4 text box is set with 1</VALUE>
      </VERIFICATION>
      <VERIFICATION>
        <NAME>Pass</NAME>
        <VALUE>Alt phone no text box is set with 09999640888</VALUE>
      </VERIFICATION>
      <VERIFICATION>
        <NAME>Pass</NAME>
        <VALUE>SiebText text box is set with E1W 2RL</VALUE>
      </VERIFICATION>
      <VERIFICATION>
        <NAME>Pass</NAME>
        <VALUE>Go button is clicked</VALUE>
      </VERIFICATION>
      <VERIFICATION>
        <NAME>Pass</NAME>
        <VALUE>Add &gt; button is clicked</VALUE>
      </VERIFICATION>
      <VERIFICATION>
        <NAME>Pass</NAME>
        <VALUE>OK button is clicked</VALUE>
      </VERIFICATION>
      <VERIFICATION>
        <NAME>Pass</NAME>
        <VALUE>Save button is clicked</VALUE>
      </VERIFICATION>
    </STEPS>
    <STEPS>
      <STEPNO>3</STEPNO>
      <NAME>VerifyAccountSummary_fn</NAME>
      <RESULT>Pass</RESULT>
      <DATA>
        <NAME>RowNo</NAME>
        <VALUE>30</VALUE>
      </DATA>
      <DATA>
        <NAME>First_Name</NAME>
        <VALUE>FIXEDZZYY</VALUE>
      </DATA>
      <DATA>
        <NAME>Last_Name</NAME>
        <VALUE>LINEZZYY</VALUE>
      </DATA>
      <DATA>
        <NAME>Post_Code</NAME>
        <VALUE>RG14 5NJ</VALUE>
      </DATA>
      <DATA>
        <NAME>Email</NAME>
        <VALUE>abc@sqcmail.uk</VALUE>
      </DATA>
      <DATA>
        <NAME>Email1</NAME>
        <VALUE>abc</VALUE>
      </DATA>
      <DATA>
        <NAME>Email2</NAME>
        <VALUE>sqcmail.uk</VALUE>
      </DATA>
      <DATA>
        <NAME>User_name</NAME>
        <VALUE>
        </VALUE>
      </DATA>
      <DATA>
        <NAME>Birth_Date</NAME>
        <VALUE>18-Jan-1965</VALUE>
      </DATA>
      <DATA>
        <NAME>Account_Type</NAME>
        <VALUE>Consumer</VALUE>
      </DATA>
      <DATA>
        <NAME>PhoneNumber</NAME>
        <VALUE>09999640888</VALUE>
      </DATA>
      <DATA>
        <NAME>AccountCategory</NAME>
        <VALUE>
        </VALUE>
      </DATA>
      <DATA>
        <NAME>AccountSubCategory</NAME>
        <VALUE>
        </VALUE>
      </DATA>
      <DATA>
        <NAME>TradingAs</NAME>
        <VALUE>
        </VALUE>
      </DATA>
      <DATA>
        <NAME>CareTeam</NAME>
        <VALUE>
        </VALUE>
      </DATA>
      <DATA>
        <NAME>Title</NAME>
        <VALUE>Mr.</VALUE>
      </DATA>
      <DATA>
        <NAME>OnlineAccount</NAME>
        <VALUE>Off</VALUE>
      </DATA>
      <DATA>
        <NAME>Pin1</NAME>
        <VALUE>1</VALUE>
      </DATA>
      <DATA>
        <NAME>Pin2</NAME>
        <VALUE>1</VALUE>
      </DATA>
      <DATA>
        <NAME>Pin3</NAME>
        <VALUE>2</VALUE>
      </DATA>
      <DATA>
        <NAME>Pin4</NAME>
        <VALUE>1</VALUE>
      </DATA>
      <DATA>
        <NAME>AddressLine</NAME>
        <VALUE>
        </VALUE>
      </DATA>
      <DATA>
        <NAME>Postcode</NAME>
        <VALUE>E1W 2RL</VALUE>
      </DATA>
      <DATA>
        <NAME>AccountName</NAME>
        <VALUE>
        </VALUE>
      </DATA>
      <DATA>
        <NAME>Anonymous</NAME>
        <VALUE>
        </VALUE>
      </DATA>
      <DATA>
        <NAME>Save</NAME>
        <VALUE>
        </VALUE>
      </DATA>
      <DATA>
        <NAME>Debug Info</NAME>
        <VALUE>Data File: Account.xls | Data Sheet: CreateNewAccount</VALUE>
      </DATA>
      <VERIFICATION>
        <NAME>Info</NAME>
        <VALUE>AccountNo is 7000232596</VALUE>
      </VERIFICATION>
      <VERIFICATION>
        <NAME>Pass</NAME>
        <VALUE>Account name FIXEDZZYY LINEZZYY is successfully created</VALUE>
      </VERIFICATION>
      <VERIFICATION>
        <NAME>Pass</NAME>
        <VALUE>Account name FIXEDZZYY LINEZZYY is displayed in Account summary page</VALUE>
      </VERIFICATION>
    </STEPS>
    <STEPS>
      <STEPNO>4</STEPNO>
      <NAME>CreateNewBillingProfile_fn</NAME>
      <RESULT>Pass</RESULT>
      <DATA>
        <NAME>RowNo</NAME>
        <VALUE>2</VALUE>
      </DATA>
      <DATA>
        <NAME>PrePostPay</NAME>
        <VALUE>Postpaid</VALUE>
      </DATA>
      <DATA>
        <NAME>PaymentMethod</NAME>
        <VALUE>Bill Me</VALUE>
      </DATA>
      <DATA>
        <NAME>Debug Info</NAME>
        <VALUE>Data File: Account.xls | Data Sheet: CreateNewBillingProfile</VALUE>
      </DATA>
      <VERIFICATION>
        <NAME>Pass</NAME>
        <VALUE>New button is clicked</VALUE>
      </VERIFICATION>
      <VERIFICATION>
        <NAME>Billing Profile</NAME>
        <VALUE>Created Successfully</VALUE>
      </VERIFICATION>
      <VERIFICATION>
        <NAME>Pass</NAME>
        <VALUE>Postpay/Prepay pick list has selected Postpaid</VALUE>
      </VERIFICATION>
    </STEPS>
    <STEPS>
      <STEPNO>5</STEPNO>
      <NAME>UpdateContactPhoneNumber_fn</NAME>
      <RESULT>Pass</RESULT>
      <DATA>
        <NAME>RowNo</NAME>
        <VALUE>1</VALUE>
      </DATA>
      <DATA>
        <NAME>MobileNumber</NAME>
        <VALUE>9999647770</VALUE>
      </DATA>
      <DATA>
        <NAME>Debug Info</NAME>
        <VALUE>Data File: Account.xls | Data Sheet: ContactPhoneNumber</VALUE>
      </DATA>
      <VERIFICATION>
        <NAME>Pass</NAME>
        <VALUE>Mobile phone no. text box is set with 9999647770</VALUE>
      </VERIFICATION>
      <VERIFICATION>
        <NAME>Pass</NAME>
        <VALUE>Mobile phone no. text box is set with 9999647770</VALUE>
      </VERIFICATION>
      <VERIFICATION>
        <NAME>Info</NAME>
        <VALUE>Mobile Number 9999647770 is updated successfully. </VALUE>
      </VERIFICATION>
    </STEPS>
    <STEPS>
      <STEPNO>6</STEPNO>
      <NAME>GetAddress_fn</NAME>
      <RESULT>Pass</RESULT>
      <DATA>
        <NAME>RowNo</NAME>
        <VALUE>8</VALUE>
      </DATA>
      <DATA>
        <NAME>Type</NAME>
        <VALUE>NOLINEPLANT</VALUE>
      </DATA>
      <DATA>
        <NAME>AccountType</NAME>
        <VALUE>
        </VALUE>
      </DATA>
      <DATA>
        <NAME>CustomerType</NAME>
        <VALUE>Individual</VALUE>
      </DATA>
      <DATA>
        <NAME>Debug Info</NAME>
        <VALUE>Data File: DataProxy.xls | Data Sheet: Address</VALUE>
      </DATA>
      <VERIFICATION>
        <NAME>Address</NAME>
        <VALUE>PE26 1WD|20|A90000126633</VALUE>
      </VERIFICATION>
      <VERIFICATION>
        <NAME>Retention Number</NAME>
        <VALUE>
        </VALUE>
      </VERIFICATION>
    </STEPS>
    <STEPS>
      <STEPNO>7</STEPNO>
      <NAME>CreateNewPremise_fn</NAME>
      <RESULT>Pass</RESULT>
      <DATA>
        <NAME>RowNo</NAME>
        <VALUE>8</VALUE>
      </DATA>
      <DATA>
        <NAME>Type</NAME>
        <VALUE>NOLINEPLANT</VALUE>
      </DATA>
      <DATA>
        <NAME>AccountType</NAME>
        <VALUE>
        </VALUE>
      </DATA>
      <DATA>
        <NAME>CustomerType</NAME>
        <VALUE>Individual</VALUE>
      </DATA>
      <DATA>
        <NAME>Debug Info</NAME>
        <VALUE>Data File: DataProxy.xls | Data Sheet: Address</VALUE>
      </DATA>
      <VERIFICATION>
        <NAME>Pass</NAME>
        <VALUE>New Premise button is clicked</VALUE>
      </VERIFICATION>
      <VERIFICATION>
        <NAME>Pass</NAME>
        <VALUE>Post Code text box is set with PE26 1WD</VALUE>
      </VERIFICATION>
      <VERIFICATION>
        <NAME>Pass</NAME>
        <VALUE>House number text box is set with 20</VALUE>
      </VERIFICATION>
      <VERIFICATION>
        <NAME>Pass</NAME>
        <VALUE>Go button is clicked</VALUE>
      </VERIFICATION>
      <VERIFICATION>
        <NAME>Pass</NAME>
        <VALUE>Create Premise button is clicked</VALUE>
      </VERIFICATION>
      <VERIFICATION>
        <NAME>Pass</NAME>
        <VALUE>Query button is clicked</VALUE>
      </VERIFICATION>
      <VERIFICATION>
        <NAME>Pass</NAME>
        <VALUE>Go button is clicked</VALUE>
      </VERIFICATION>
      <VERIFICATION>
        <NAME>Info</NAME>
        <VALUE>Premise is created successfully.</VALUE>
      </VERIFICATION>
      <VERIFICATION>
        <NAME>Pass</NAME>
        <VALUE>Customer Type pick list has selected Individual</VALUE>
      </VERIFICATION>
    </STEPS>
    <STEPS>
      <STEPNO>8</STEPNO>
      <NAME>RetrievePromotionDetails_fn</NAME>
      <RESULT>Pass</RESULT>
      <DATA>
        <NAME>RowNo</NAME>
        <VALUE>23</VALUE>
      </DATA>
      <DATA>
        <NAME>Promotion</NAME>
        <VALUE>ConsFLADSL</VALUE>
      </DATA>
      <DATA>
        <NAME>Debug Info</NAME>
        <VALUE>Data File: DataProxy.xls | Data Sheet: RetrievePromotionDetails</VALUE>
      </DATA>
      <VERIFICATION>
        <NAME>ProductName</NAME>
        <VALUE>Vodafone Broadband and Home Phone</VALUE>
      </VERIFICATION>
    </STEPS>
    <STEPS>
      <STEPNO>9</STEPNO>
      <NAME>FilterPromotion_fn</NAME>
      <RESULT>Pass</RESULT>
      <DATA>
        <NAME>RowNo</NAME>
        <VALUE>8</VALUE>
      </DATA>
      <DATA>
        <NAME>JourneyType</NAME>
        <VALUE>NOLINEPLANT</VALUE>
      </DATA>
      <DATA>
        <NAME>LineInfo</NAME>
        <VALUE>No Line Plant</VALUE>
      </DATA>
      <DATA>
        <NAME>Action</NAME>
        <VALUE>Install New Line</VALUE>
      </DATA>
      <DATA>
        <NAME>NumRetn</NAME>
        <VALUE>
        </VALUE>
      </DATA>
      <DATA>
        <NAME>SelectItem</NAME>
        <VALUE>Fixed Line Service</VALUE>
      </DATA>
      <DATA>
        <NAME>RowNum</NAME>
        <VALUE>8</VALUE>
      </DATA>
      <DATA>
        <NAME>BookAppointment</NAME>
        <VALUE>Y</VALUE>
      </DATA>
      <DATA>
        <NAME>ReserveNextNumber</NAME>
        <VALUE>Y</VALUE>
      </DATA>
      <DATA>
        <NAME>Popup</NAME>
        <VALUE>For best results Directory Number should be entered</VALUE>
      </DATA>
      <DATA>
        <NAME>Popup2</NAME>
        <VALUE>New Line should only be selected if the customer</VALUE>
      </DATA>
      <DATA>
        <NAME>Debug Info</NAME>
        <VALUE>Data File: Premise.xls | Data Sheet: FilterPromotion</VALUE>
      </DATA>
      <VERIFICATION>
        <NAME>Info</NAME>
        <VALUE>Expected popup-.For best results Directory Number should be entered.  Check with Customer and if number available select Cancel and enter DN.  If not available select OK to proceed.</VALUE>
      </VERIFICATION>
      <VERIFICATION>
        <NAME>Pass</NAME>
        <VALUE>Service Availability Check button is clicked</VALUE>
      </VERIFICATION>
      <VERIFICATION>
        <NAME>Pass</NAME>
        <VALUE>ToggleListRowCount button is clicked</VALUE>
      </VERIFICATION>
      <VERIFICATION>
        <NAME>Pass</NAME>
        <VALUE>Query button is clicked</VALUE>
      </VERIFICATION>
      <VERIFICATION>
        <NAME>Pass</NAME>
        <VALUE>Go button is clicked</VALUE>
      </VERIFICATION>
      <VERIFICATION>
        <NAME>Info</NAME>
        <VALUE>Line Info: No Line Plant  is same as  the expected value: No Line Plant</VALUE>
      </VERIFICATION>
      <VERIFICATION>
        <NAME>Pass</NAME>
        <VALUE>Create Order button is clicked</VALUE>
      </VERIFICATION>
    </STEPS>
    <STEPS>
      <STEPNO>10</STEPNO>
      <NAME>BookAppointment_fn</NAME>
      <RESULT>Pass</RESULT>
      <DATA>
        <NAME>RowNo</NAME>
        <VALUE>8</VALUE>
      </DATA>
      <DATA>
        <NAME>JourneyType</NAME>
        <VALUE>NOLINEPLANT</VALUE>
      </DATA>
      <DATA>
        <NAME>LineInfo</NAME>
        <VALUE>No Line Plant</VALUE>
      </DATA>
      <DATA>
        <NAME>Action</NAME>
        <VALUE>Install New Line</VALUE>
      </DATA>
      <DATA>
        <NAME>NumRetn</NAME>
        <VALUE>
        </VALUE>
      </DATA>
      <DATA>
        <NAME>SelectItem</NAME>
        <VALUE>Fixed Line Service</VALUE>
      </DATA>
      <DATA>
        <NAME>RowNum</NAME>
        <VALUE>8</VALUE>
      </DATA>
      <DATA>
        <NAME>BookAppointment</NAME>
        <VALUE>Y</VALUE>
      </DATA>
      <DATA>
        <NAME>ReserveNextNumber</NAME>
        <VALUE>Y</VALUE>
      </DATA>
      <DATA>
        <NAME>Popup</NAME>
        <VALUE>For best results Directory Number should be entered</VALUE>
      </DATA>
      <DATA>
        <NAME>Popup2</NAME>
        <VALUE>New Line should only be selected if the customer</VALUE>
      </DATA>
      <DATA>
        <NAME>Debug Info</NAME>
        <VALUE>Data File: Premise.xls | Data Sheet: FilterPromotion</VALUE>
      </DATA>
      <VERIFICATION>
        <NAME>Pass</NAME>
        <VALUE>BookAppointment button is clicked</VALUE>
      </VERIFICATION>
      <VERIFICATION>
        <NAME>Pass</NAME>
        <VALUE>Book Appointment button is clicked</VALUE>
      </VERIFICATION>
      <VERIFICATION>
        <NAME>Pass</NAME>
        <VALUE>Reserve Next Number button is clicked</VALUE>
      </VERIFICATION>
    </STEPS>
    <STEPS>
      <STEPNO>11</STEPNO>
      <NAME>RetrieveRouter_fn</NAME>
      <RESULT>Pass</RESULT>
      <VERIFICATION>
        <NAME>Router Number</NAME>
        <VALUE>10000A0005392</VALUE>
      </VERIFICATION>
    </STEPS>
    <STEPS>
      <STEPNO>12</STEPNO>
      <NAME>OrdersLineItemsEntry_fn</NAME>
      <RESULT>Pass</RESULT>
      <DATA>
        <NAME>RowNo</NAME>
        <VALUE>15</VALUE>
      </DATA>
      <DATA>
        <NAME>Product</NAME>
        <VALUE>Vodafone Broadband router</VALUE>
      </DATA>
      <DATA>
        <NAME>ColNameVerify</NAME>
        <VALUE>
        </VALUE>
      </DATA>
      <DATA>
        <NAME>ColValueVerify</NAME>
        <VALUE>
        </VALUE>
      </DATA>
      <DATA>
        <NAME>ColNameRepInput</NAME>
        <VALUE>Service Id</VALUE>
      </DATA>
      <DATA>
        <NAME>ColValueInput</NAME>
        <VALUE>ROUTER NUMBER</VALUE>
      </DATA>
      <DATA>
        <NAME>Expand</NAME>
        <VALUE>
        </VALUE>
      </DATA>
      <DATA>
        <NAME>Collapse</NAME>
        <VALUE>
        </VALUE>
      </DATA>
      <DATA>
        <NAME>Index</NAME>
        <VALUE>
        </VALUE>
      </DATA>
      <DATA>
        <NAME>ChangeMSISDN</NAME>
        <VALUE>
        </VALUE>
      </DATA>
      <DATA>
        <NAME>Debug Info</NAME>
        <VALUE>Data File: Order.xls | Data Sheet: OrdersLineItemsEntry</VALUE>
      </DATA>
      <VERIFICATION>
        <NAME>Pass</NAME>
        <VALUE>[ Show more ] image is clicked</VALUE>
      </VERIFICATION>
      <VERIFICATION>
        <NAME>Pass</NAME>
        <VALUE>[ Installed ID ] text box is set with 10000A0005392</VALUE>
      </VERIFICATION>
    </STEPS>
    <STEPS>
      <STEPNO>13</STEPNO>
      <NAME>OrderLineDetail_fn</NAME>
      <RESULT>Pass</RESULT>
      <DATA>
        <NAME>RowNo</NAME>
        <VALUE>8</VALUE>
      </DATA>
      <DATA>
        <NAME>JourneyType</NAME>
        <VALUE>NOLINEPLANT</VALUE>
      </DATA>
      <DATA>
        <NAME>LineInfo</NAME>
        <VALUE>No Line Plant</VALUE>
      </DATA>
      <DATA>
        <NAME>Action</NAME>
        <VALUE>Install New Line</VALUE>
      </DATA>
      <DATA>
        <NAME>NumRetn</NAME>
        <VALUE>
        </VALUE>
      </DATA>
      <DATA>
        <NAME>SelectItem</NAME>
        <VALUE>Fixed Line Service</VALUE>
      </DATA>
      <DATA>
        <NAME>RowNum</NAME>
        <VALUE>8</VALUE>
      </DATA>
      <DATA>
        <NAME>BookAppointment</NAME>
        <VALUE>Y</VALUE>
      </DATA>
      <DATA>
        <NAME>ReserveNextNumber</NAME>
        <VALUE>Y</VALUE>
      </DATA>
      <DATA>
        <NAME>Popup</NAME>
        <VALUE>For best results Directory Number should be entered</VALUE>
      </DATA>
      <DATA>
        <NAME>Popup2</NAME>
        <VALUE>New Line should only be selected if the customer</VALUE>
      </DATA>
      <DATA>
        <NAME>Debug Info</NAME>
        <VALUE>Data File: Premise.xls | Data Sheet: FilterPromotion</VALUE>
      </DATA>
      <VERIFICATION>
        <NAME>Pass</NAME>
        <VALUE>EntryType pick list has selected Ordinary</VALUE>
      </VERIFICATION>
    </STEPS>
    <STEPS>
      <STEPNO>14</STEPNO>
      <NAME>CreditVettingResults_fn</NAME>
      <RESULT>Pass</RESULT>
      <VERIFICATION>
        <NAME>Pass</NAME>
        <VALUE>Override credit vet check box is checked </VALUE>
      </VERIFICATION>
      <VERIFICATION>
        <NAME>Pass</NAME>
        <VALUE>Override credit vet check box is checked </VALUE>
      </VERIFICATION>
    </STEPS>
    <STEPS>
      <STEPNO>15</STEPNO>
      <NAME>OrderFormEntry_fn</NAME>
      <RESULT>Pass</RESULT>
      <DATA>
        <NAME>RowNo</NAME>
        <VALUE>1</VALUE>
      </DATA>
      <DATA>
        <NAME>DisconnectionReason</NAME>
        <VALUE>
        </VALUE>
      </DATA>
      <DATA>
        <NAME>ReturnReason</NAME>
        <VALUE>
        </VALUE>
      </DATA>
      <DATA>
        <NAME>Journey</NAME>
        <VALUE>
        </VALUE>
      </DATA>
      <DATA>
        <NAME>Popup</NAME>
        <VALUE>False</VALUE>
      </DATA>
      <DATA>
        <NAME>Debug Info</NAME>
        <VALUE>Data File: Order.xls | Data Sheet: OrderFormEntry</VALUE>
      </DATA>
      <VERIFICATION>
        <NAME>Pass</NAME>
        <VALUE>Terms and conditions check box is checked </VALUE>
      </VERIFICATION>
      <VERIFICATION>
        <NAME>Info</NAME>
        <VALUE>Expected popup-.Please review the following messages before proceeding:  
 
    </VALUE>
      </VERIFICATION>
      <VERIFICATION>
        <NAME>Pass</NAME>
        <VALUE>Verify button is clicked</VALUE>
      </VERIFICATION>
      <VERIFICATION>
        <NAME>Pass</NAME>
        <VALUE>Submit button is clicked</VALUE>
      </VERIFICATION>
    </STEPS>
    <STEPS>
      <STEPNO>16</STEPNO>
      <NAME>CaptureOrderDetails_fn</NAME>
      <RESULT>Pass</RESULT>
      <VERIFICATION>
        <NAME>Info</NAME>
        <VALUE>OrderNo is SBL-1000000000302996</VALUE>
      </VERIFICATION>
      <VERIFICATION>
        <NAME>Info</NAME>
        <VALUE>Status is Open</VALUE>
      </VERIFICATION>
    </STEPS>
  </TESTCASE>
  <TESTCASE>
    <TCID>4</TCID>
    <NAME>FLNEW004</NAME>
    <RESULT>FAIL</RESULT>
    <STEPS>
      <STEPNO>1</STEPNO>
      <NAME>LoginToSiebel_fn</NAME>
      <RESULT>Pass</RESULT>
      <DATA>
        <NAME>RowNo</NAME>
        <VALUE>7</VALUE>
      </DATA>
      <DATA>
        <NAME>Username</NAME>
        <VALUE>test_qp_2</VALUE>
      </DATA>
      <DATA>
        <NAME>Password</NAME>
        <VALUE>test_qp_2</VALUE>
      </DATA>
      <DATA>
        <NAME>Debug Info</NAME>
        <VALUE>Data File: Account.xls | Data Sheet: LoginToSiebel</VALUE>
      </DATA>
      <VERIFICATION>
        <NAME>Pass</NAME>
        <VALUE>Continue to this website link is clicked</VALUE>
      </VERIFICATION>
      <VERIFICATION>
        <NAME>Pass</NAME>
        <VALUE>SWEUserName edit box is set with test_qp_2</VALUE>
      </VERIFICATION>
      <VERIFICATION>
        <NAME>Pass</NAME>
        <VALUE>SWEPassword edit box is set with test_qp_2</VALUE>
      </VERIFICATION>
      <VERIFICATION>
        <NAME>Pass</NAME>
        <VALUE>Login image is clicked</VALUE>
      </VERIFICATION>
      <VERIFICATION>
        <NAME>Info</NAME>
        <VALUE>login Page is displayed successfully.</VALUE>
      </VERIFICATION>
    </STEPS>
    <STEPS>
      <STEPNO>2</STEPNO>
      <NAME>CreateNewAccount_fn</NAME>
      <RESULT>Pass</RESULT>
      <DATA>
        <NAME>RowNo</NAME>
        <VALUE>30</VALUE>
      </DATA>
      <DATA>
        <NAME>First_Name</NAME>
        <VALUE>FIXEDZZYY</VALUE>
      </DATA>
      <DATA>
        <NAME>Last_Name</NAME>
        <VALUE>LINEZZYY</VALUE>
      </DATA>
      <DATA>
        <NAME>Post_Code</NAME>
        <VALUE>RG14 5NJ</VALUE>
      </DATA>
      <DATA>
        <NAME>Email</NAME>
        <VALUE>abc@sqcmail.uk</VALUE>
      </DATA>
      <DATA>
        <NAME>Email1</NAME>
        <VALUE>abc</VALUE>
      </DATA>
      <DATA>
        <NAME>Email2</NAME>
        <VALUE>sqcmail.uk</VALUE>
      </DATA>
      <DATA>
        <NAME>User_name</NAME>
        <VALUE>
        </VALUE>
      </DATA>
      <DATA>
        <NAME>Birth_Date</NAME>
        <VALUE>18-Jan-1965</VALUE>
      </DATA>
      <DATA>
        <NAME>Account_Type</NAME>
        <VALUE>Consumer</VALUE>
      </DATA>
      <DATA>
        <NAME>PhoneNumber</NAME>
        <VALUE>09999640888</VALUE>
      </DATA>
      <DATA>
        <NAME>AccountCategory</NAME>
        <VALUE>
        </VALUE>
      </DATA>
      <DATA>
        <NAME>AccountSubCategory</NAME>
        <VALUE>
        </VALUE>
      </DATA>
      <DATA>
        <NAME>TradingAs</NAME>
        <VALUE>
        </VALUE>
      </DATA>
      <DATA>
        <NAME>CareTeam</NAME>
        <VALUE>
        </VALUE>
      </DATA>
      <DATA>
        <NAME>Title</NAME>
        <VALUE>Mr.</VALUE>
      </DATA>
      <DATA>
        <NAME>OnlineAccount</NAME>
        <VALUE>Off</VALUE>
      </DATA>
      <DATA>
        <NAME>Pin1</NAME>
        <VALUE>1</VALUE>
      </DATA>
      <DATA>
        <NAME>Pin2</NAME>
        <VALUE>1</VALUE>
      </DATA>
      <DATA>
        <NAME>Pin3</NAME>
        <VALUE>2</VALUE>
      </DATA>
      <DATA>
        <NAME>Pin4</NAME>
        <VALUE>1</VALUE>
      </DATA>
      <DATA>
        <NAME>AddressLine</NAME>
        <VALUE>
        </VALUE>
      </DATA>
      <DATA>
        <NAME>Postcode</NAME>
        <VALUE>E1W 2RL</VALUE>
      </DATA>
      <DATA>
        <NAME>AccountName</NAME>
        <VALUE>
        </VALUE>
      </DATA>
      <DATA>
        <NAME>Anonymous</NAME>
        <VALUE>
        </VALUE>
      </DATA>
      <DATA>
        <NAME>Save</NAME>
        <VALUE>
        </VALUE>
      </DATA>
      <DATA>
        <NAME>Debug Info</NAME>
        <VALUE>Data File: Account.xls | Data Sheet: CreateNewAccount</VALUE>
      </DATA>
      <VERIFICATION>
        <NAME>Pass</NAME>
        <VALUE>New button is clicked</VALUE>
      </VERIFICATION>
      <VERIFICATION>
        <NAME>Pass</NAME>
        <VALUE>Account type pick list has selected Consumer</VALUE>
      </VERIFICATION>
      <VERIFICATION>
        <NAME>Pass</NAME>
        <VALUE>Title pick list has selected Mr.</VALUE>
      </VERIFICATION>
      <VERIFICATION>
        <NAME>Pass</NAME>
        <VALUE>First name text box is set with FIXEDZZYY</VALUE>
      </VERIFICATION>
      <VERIFICATION>
        <NAME>Pass</NAME>
        <VALUE>Last name text box is set with LINEZZYY</VALUE>
      </VERIFICATION>
      <VERIFICATION>
        <NAME>Pass</NAME>
        <VALUE>Date of birth calendar is set with 18-Jan-1965</VALUE>
      </VERIFICATION>
      <VERIFICATION>
        <NAME>Pass</NAME>
        <VALUE>Update Email button is clicked</VALUE>
      </VERIFICATION>
      <VERIFICATION>
        <NAME>Pass</NAME>
        <VALUE>Email text box is set with abc</VALUE>
      </VERIFICATION>
      <VERIFICATION>
        <NAME>Pass</NAME>
        <VALUE>Re-type Email text box is set with abc</VALUE>
      </VERIFICATION>
      <VERIFICATION>
        <NAME>Pass</NAME>
        <VALUE>OK button is clicked</VALUE>
      </VERIFICATION>
      <VERIFICATION>
        <NAME>Pass</NAME>
        <VALUE>Create online account check box is unchecked </VALUE>
      </VERIFICATION>
      <VERIFICATION>
        <NAME>Pass</NAME>
        <VALUE>PIN1 text box is set with 1</VALUE>
      </VERIFICATION>
      <VERIFICATION>
        <NAME>Pass</NAME>
        <VALUE>PIN2 text box is set with 1</VALUE>
      </VERIFICATION>
      <VERIFICATION>
        <NAME>Pass</NAME>
        <VALUE>PIN3 text box is set with 2</VALUE>
      </VERIFICATION>
      <VERIFICATION>
        <NAME>Pass</NAME>
        <VALUE>PIN4 text box is set with 1</VALUE>
      </VERIFICATION>
      <VERIFICATION>
        <NAME>Pass</NAME>
        <VALUE>Alt phone no text box is set with 09999640888</VALUE>
      </VERIFICATION>
      <VERIFICATION>
        <NAME>Pass</NAME>
        <VALUE>SiebText text box is set with E1W 2RL</VALUE>
      </VERIFICATION>
      <VERIFICATION>
        <NAME>Pass</NAME>
        <VALUE>Go button is clicked</VALUE>
      </VERIFICATION>
      <VERIFICATION>
        <NAME>Pass</NAME>
        <VALUE>Add &gt; button is clicked</VALUE>
      </VERIFICATION>
      <VERIFICATION>
        <NAME>Pass</NAME>
        <VALUE>OK button is clicked</VALUE>
      </VERIFICATION>
      <VERIFICATION>
        <NAME>Pass</NAME>
        <VALUE>Save button is clicked</VALUE>
      </VERIFICATION>
    </STEPS>
    <STEPS>
      <STEPNO>3</STEPNO>
      <NAME>VerifyAccountSummary_fn</NAME>
      <RESULT>Pass</RESULT>
      <DATA>
        <NAME>RowNo</NAME>
        <VALUE>30</VALUE>
      </DATA>
      <DATA>
        <NAME>First_Name</NAME>
        <VALUE>FIXEDZZYY</VALUE>
      </DATA>
      <DATA>
        <NAME>Last_Name</NAME>
        <VALUE>LINEZZYY</VALUE>
      </DATA>
      <DATA>
        <NAME>Post_Code</NAME>
        <VALUE>RG14 5NJ</VALUE>
      </DATA>
      <DATA>
        <NAME>Email</NAME>
        <VALUE>abc@sqcmail.uk</VALUE>
      </DATA>
      <DATA>
        <NAME>Email1</NAME>
        <VALUE>abc</VALUE>
      </DATA>
      <DATA>
        <NAME>Email2</NAME>
        <VALUE>sqcmail.uk</VALUE>
      </DATA>
      <DATA>
        <NAME>User_name</NAME>
        <VALUE>
        </VALUE>
      </DATA>
      <DATA>
        <NAME>Birth_Date</NAME>
        <VALUE>18-Jan-1965</VALUE>
      </DATA>
      <DATA>
        <NAME>Account_Type</NAME>
        <VALUE>Consumer</VALUE>
      </DATA>
      <DATA>
        <NAME>PhoneNumber</NAME>
        <VALUE>09999640888</VALUE>
      </DATA>
      <DATA>
        <NAME>AccountCategory</NAME>
        <VALUE>
        </VALUE>
      </DATA>
      <DATA>
        <NAME>AccountSubCategory</NAME>
        <VALUE>
        </VALUE>
      </DATA>
      <DATA>
        <NAME>TradingAs</NAME>
        <VALUE>
        </VALUE>
      </DATA>
      <DATA>
        <NAME>CareTeam</NAME>
        <VALUE>
        </VALUE>
      </DATA>
      <DATA>
        <NAME>Title</NAME>
        <VALUE>Mr.</VALUE>
      </DATA>
      <DATA>
        <NAME>OnlineAccount</NAME>
        <VALUE>Off</VALUE>
      </DATA>
      <DATA>
        <NAME>Pin1</NAME>
        <VALUE>1</VALUE>
      </DATA>
      <DATA>
        <NAME>Pin2</NAME>
        <VALUE>1</VALUE>
      </DATA>
      <DATA>
        <NAME>Pin3</NAME>
        <VALUE>2</VALUE>
      </DATA>
      <DATA>
        <NAME>Pin4</NAME>
        <VALUE>1</VALUE>
      </DATA>
      <DATA>
        <NAME>AddressLine</NAME>
        <VALUE>
        </VALUE>
      </DATA>
      <DATA>
        <NAME>Postcode</NAME>
        <VALUE>E1W 2RL</VALUE>
      </DATA>
      <DATA>
        <NAME>AccountName</NAME>
        <VALUE>
        </VALUE>
      </DATA>
      <DATA>
        <NAME>Anonymous</NAME>
        <VALUE>
        </VALUE>
      </DATA>
      <DATA>
        <NAME>Save</NAME>
        <VALUE>
        </VALUE>
      </DATA>
      <DATA>
        <NAME>Debug Info</NAME>
        <VALUE>Data File: Account.xls | Data Sheet: CreateNewAccount</VALUE>
      </DATA>
      <VERIFICATION>
        <NAME>Info</NAME>
        <VALUE>AccountNo is 7000232603</VALUE>
      </VERIFICATION>
      <VERIFICATION>
        <NAME>Pass</NAME>
        <VALUE>Account name FIXEDZZYY LINEZZYY is successfully created</VALUE>
      </VERIFICATION>
      <VERIFICATION>
        <NAME>Pass</NAME>
        <VALUE>Account name FIXEDZZYY LINEZZYY is displayed in Account summary page</VALUE>
      </VERIFICATION>
    </STEPS>
    <STEPS>
      <STEPNO>4</STEPNO>
      <NAME>CreateNewBillingProfile_fn</NAME>
      <RESULT>Pass</RESULT>
      <DATA>
        <NAME>RowNo</NAME>
        <VALUE>2</VALUE>
      </DATA>
      <DATA>
        <NAME>PrePostPay</NAME>
        <VALUE>Postpaid</VALUE>
      </DATA>
      <DATA>
        <NAME>PaymentMethod</NAME>
        <VALUE>Bill Me</VALUE>
      </DATA>
      <DATA>
        <NAME>Debug Info</NAME>
        <VALUE>Data File: Account.xls | Data Sheet: CreateNewBillingProfile</VALUE>
      </DATA>
      <VERIFICATION>
        <NAME>Pass</NAME>
        <VALUE>New button is clicked</VALUE>
      </VERIFICATION>
      <VERIFICATION>
        <NAME>Billing Profile</NAME>
        <VALUE>Created Successfully</VALUE>
      </VERIFICATION>
      <VERIFICATION>
        <NAME>Pass</NAME>
        <VALUE>Postpay/Prepay pick list has selected Postpaid</VALUE>
      </VERIFICATION>
    </STEPS>
    <STEPS>
      <STEPNO>5</STEPNO>
      <NAME>UpdateContactPhoneNumber_fn</NAME>
      <RESULT>Pass</RESULT>
      <DATA>
        <NAME>RowNo</NAME>
        <VALUE>1</VALUE>
      </DATA>
      <DATA>
        <NAME>MobileNumber</NAME>
        <VALUE>9999647770</VALUE>
      </DATA>
      <DATA>
        <NAME>Debug Info</NAME>
        <VALUE>Data File: Account.xls | Data Sheet: ContactPhoneNumber</VALUE>
      </DATA>
      <VERIFICATION>
        <NAME>Pass</NAME>
        <VALUE>Mobile phone no. text box is set with 9999647770</VALUE>
      </VERIFICATION>
      <VERIFICATION>
        <NAME>Pass</NAME>
        <VALUE>Mobile phone no. text box is set with 9999647770</VALUE>
      </VERIFICATION>
      <VERIFICATION>
        <NAME>Info</NAME>
        <VALUE>Mobile Number 9999647770 is updated successfully. </VALUE>
      </VERIFICATION>
    </STEPS>
    <STEPS>
      <STEPNO>6</STEPNO>
      <NAME>GetAddress_fn</NAME>
      <RESULT>Pass</RESULT>
      <DATA>
        <NAME>RowNo</NAME>
        <VALUE>1</VALUE>
      </DATA>
      <DATA>
        <NAME>Type</NAME>
        <VALUE>SPAREPAIR</VALUE>
      </DATA>
      <DATA>
        <NAME>AccountType</NAME>
        <VALUE>CONSUMER</VALUE>
      </DATA>
      <DATA>
        <NAME>CustomerType</NAME>
        <VALUE>Individual</VALUE>
      </DATA>
      <DATA>
        <NAME>Debug Info</NAME>
        <VALUE>Data File: DataProxy.xls | Data Sheet: Address</VALUE>
      </DATA>
      <VERIFICATION>
        <NAME>Address</NAME>
        <VALUE>OL6 0FS|2|A90000133316</VALUE>
      </VERIFICATION>
      <VERIFICATION>
        <NAME>Retention Number</NAME>
        <VALUE>
        </VALUE>
      </VERIFICATION>
    </STEPS>
    <STEPS>
      <STEPNO>7</STEPNO>
      <NAME>CreateNewPremise_fn</NAME>
      <RESULT>Pass</RESULT>
      <DATA>
        <NAME>RowNo</NAME>
        <VALUE>1</VALUE>
      </DATA>
      <DATA>
        <NAME>Type</NAME>
        <VALUE>SPAREPAIR</VALUE>
      </DATA>
      <DATA>
        <NAME>AccountType</NAME>
        <VALUE>CONSUMER</VALUE>
      </DATA>
      <DATA>
        <NAME>CustomerType</NAME>
        <VALUE>Individual</VALUE>
      </DATA>
      <DATA>
        <NAME>Debug Info</NAME>
        <VALUE>Data File: DataProxy.xls | Data Sheet: Address</VALUE>
      </DATA>
      <VERIFICATION>
        <NAME>Pass</NAME>
        <VALUE>New Premise button is clicked</VALUE>
      </VERIFICATION>
      <VERIFICATION>
        <NAME>Pass</NAME>
        <VALUE>Post Code text box is set with OL6 0FS</VALUE>
      </VERIFICATION>
      <VERIFICATION>
        <NAME>Pass</NAME>
        <VALUE>House number text box is set with 2</VALUE>
      </VERIFICATION>
      <VERIFICATION>
        <NAME>Pass</NAME>
        <VALUE>Go button is clicked</VALUE>
      </VERIFICATION>
      <VERIFICATION>
        <NAME>Pass</NAME>
        <VALUE>Create Premise button is clicked</VALUE>
      </VERIFICATION>
      <VERIFICATION>
        <NAME>Pass</NAME>
        <VALUE>Query button is clicked</VALUE>
      </VERIFICATION>
      <VERIFICATION>
        <NAME>Pass</NAME>
        <VALUE>Go button is clicked</VALUE>
      </VERIFICATION>
      <VERIFICATION>
        <NAME>Info</NAME>
        <VALUE>Premise is created successfully.</VALUE>
      </VERIFICATION>
      <VERIFICATION>
        <NAME>Pass</NAME>
        <VALUE>Customer Type pick list has selected Individual</VALUE>
      </VERIFICATION>
    </STEPS>
    <STEPS>
      <STEPNO>8</STEPNO>
      <NAME>RetrievePromotionDetails_fn</NAME>
      <RESULT>Pass</RESULT>
      <DATA>
        <NAME>RowNo</NAME>
        <VALUE>23</VALUE>
      </DATA>
      <DATA>
        <NAME>Promotion</NAME>
        <VALUE>ConsFLADSL</VALUE>
      </DATA>
      <DATA>
        <NAME>Debug Info</NAME>
        <VALUE>Data File: DataProxy.xls | Data Sheet: RetrievePromotionDetails</VALUE>
      </DATA>
      <VERIFICATION>
        <NAME>ProductName</NAME>
        <VALUE>Vodafone Broadband and Home Phone</VALUE>
      </VERIFICATION>
    </STEPS>
    <STEPS>
      <STEPNO>9</STEPNO>
      <NAME>FilterPromotion_fn</NAME>
      <RESULT>Fail</RESULT>
      <DATA>
        <NAME>RowNo</NAME>
        <VALUE>1</VALUE>
      </DATA>
      <DATA>
        <NAME>JourneyType</NAME>
        <VALUE>SPAREPAIR</VALUE>
      </DATA>
      <DATA>
        <NAME>LineInfo</NAME>
        <VALUE>Spare Pair</VALUE>
      </DATA>
      <DATA>
        <NAME>Action</NAME>
        <VALUE>Install New Line</VALUE>
      </DATA>
      <DATA>
        <NAME>NumRetn</NAME>
        <VALUE>
        </VALUE>
      </DATA>
      <DATA>
        <NAME>SelectItem</NAME>
        <VALUE>Fixed Line Service</VALUE>
      </DATA>
      <DATA>
        <NAME>RowNum</NAME>
        <VALUE>1</VALUE>
      </DATA>
      <DATA>
        <NAME>BookAppointment</NAME>
        <VALUE>Y</VALUE>
      </DATA>
      <DATA>
        <NAME>ReserveNextNumber</NAME>
        <VALUE>Y</VALUE>
      </DATA>
      <DATA>
        <NAME>Popup</NAME>
        <VALUE>For best results Directory Number should be entered</VALUE>
      </DATA>
      <DATA>
        <NAME>Popup2</NAME>
        <VALUE>New Line should only be selected if the customer</VALUE>
      </DATA>
      <DATA>
        <NAME>Debug Info</NAME>
        <VALUE>Data File: Premise.xls | Data Sheet: FilterPromotion</VALUE>
      </DATA>
      <VERIFICATION>
        <NAME>Info</NAME>
        <VALUE>Expected popup-.For best results Directory Number should be entered.  Check with Customer and if number available select Cancel and enter DN.  If not available select OK to proceed.</VALUE>
      </VERIFICATION>
      <VERIFICATION>
        <NAME>Pass</NAME>
        <VALUE>Service Availability Check button is clicked</VALUE>
      </VERIFICATION>
      <VERIFICATION>
        <NAME>Pass</NAME>
        <VALUE>ToggleListRowCount button is clicked</VALUE>
      </VERIFICATION>
      <VERIFICATION>
        <NAME>Pass</NAME>
        <VALUE>Query button is clicked</VALUE>
      </VERIFICATION>
      <VERIFICATION>
        <NAME>Pass</NAME>
        <VALUE>Go button is clicked</VALUE>
      </VERIFICATION>
      <VERIFICATION>
        <NAME>Error</NAME>
        <VALUE>Line Info: Restart PSTN Stopped Line  is not matching to the expected value: Spare Pair</VALUE>
      </VERIFICATION>
      <DESC>
      </DESC>
      <OBJECT>
      </OBJECT>
      <OBJNAME>
      </OBJNAME>
      <METHOD>
      </METHOD>
      <ARGUMENTS>
      </ARGUMENTS>
      <IMAGE>95959TCID4.png</IMAGE>
    </STEPS>
  </TESTCASE>
</RESULT>